{"cameraMode":{"drawMode":0,"name":"Shaded","section":"Shading Mode"},"sceneLighting":false,"audioPlay":false,"sceneViewState":{"m_AlwaysRefresh":false,"showFog":true,"showSkybox":false,"showFlares":true,"showImageEffects":true,"showParticleSystems":true,"showVisualEffectGraphs":true,"m_FxEnabled":true},"in2DMode":false,"pivot":{"x":-0.1486879289150238,"y":0.613693118095398,"z":0.0958709716796875},"rotation":{"x":-0.023075561970472337,"y":0.9752616882324219,"z":-0.12384399026632309,"w":-0.1817019283771515},"size":0.5431390404701233,"orthographic":false}