{"cameraMode":{"drawMode":0,"name":"Shaded","section":"Shading Mode"},"sceneLighting":false,"audioPlay":false,"sceneViewState":{"m_AlwaysRefresh":false,"showFog":true,"showSkybox":false,"showFlares":true,"showImageEffects":true,"showParticleSystems":true,"showVisualEffectGraphs":true,"m_FxEnabled":true},"in2DMode":false,"pivot":{"x":0.15871241688728333,"y":-1.6279563903808594,"z":3.5607080459594728},"rotation":{"x":-0.18673206865787507,"y":0.008672492578625679,"z":-0.0015884421300143004,"w":-0.9825365543365479},"size":4.903164863586426,"orthographic":false}