{"cameraMode":{"drawMode":0,"name":"Shaded","section":"Shading Mode"},"sceneLighting":false,"audioPlay":false,"sceneViewState":{"m_AlwaysRefresh":false,"showFog":true,"showSkybox":false,"showFlares":true,"showImageEffects":true,"showParticleSystems":true,"showVisualEffectGraphs":true,"m_FxEnabled":true},"in2DMode":false,"pivot":{"x":0.02278207242488861,"y":2.707106113433838,"z":-1.6780986785888672},"rotation":{"x":0.00020435600890778005,"y":0.9941187500953674,"z":-0.1096113845705986,"w":0.0070334249176084999},"size":3.91300106048584,"orthographic":false}