{"cameraMode":{"drawMode":0,"name":"Shaded","section":"Shading Mode"},"sceneLighting":false,"audioPlay":false,"sceneViewState":{"m_AlwaysRefresh":false,"showFog":true,"showSkybox":false,"showFlares":true,"showImageEffects":true,"showParticleSystems":true,"showVisualEffectGraphs":true,"m_FxEnabled":true},"in2DMode":false,"pivot":{"x":-0.7383556962013245,"y":-0.9765254259109497,"z":-3.6192524433135988},"rotation":{"x":-0.011557155288755894,"y":0.9787383079528809,"z":-0.1981828212738037,"w":-0.05476321652531624},"size":3.0130012035369875,"orthographic":false}