{"cameraMode":{"drawMode":0,"name":"Shaded","section":"Shading Mode"},"sceneLighting":false,"audioPlay":false,"sceneViewState":{"m_AlwaysRefresh":false,"showFog":true,"showSkybox":false,"showFlares":true,"showImageEffects":true,"showParticleSystems":true,"showVisualEffectGraphs":true,"m_FxEnabled":true},"in2DMode":false,"pivot":{"x":-0.6909651756286621,"y":0.8722966909408569,"z":-4.410324573516846},"rotation":{"x":-0.011557155288755894,"y":0.9787383079528809,"z":-0.1981828212738037,"w":-0.05476321652531624},"size":3.6130011081695558,"orthographic":false}