{"cameraMode":{"drawMode":0,"name":"Shaded","section":"Shading Mode"},"sceneLighting":false,"audioPlay":false,"sceneViewState":{"m_AlwaysRefresh":false,"showFog":true,"showSkybox":false,"showFlares":true,"showImageEffects":true,"showParticleSystems":true,"showVisualEffectGraphs":true,"m_FxEnabled":true},"in2DMode":false,"pivot":{"x":3.8669116497039797,"y":0.28212010860443118,"z":0.6482088565826416},"rotation":{"x":0.23505482077598573,"y":0.017795203253626825,"z":-0.0043040248565375809,"w":0.9718337059020996},"size":2.145000696182251,"orthographic":false}