{"cameraMode":{"drawMode":0,"name":"Shaded","section":"Shading Mode"},"sceneLighting":false,"audioPlay":false,"sceneViewState":{"m_AlwaysRefresh":false,"showFog":true,"showSkybox":false,"showFlares":true,"showImageEffects":true,"showParticleSystems":true,"showVisualEffectGraphs":true,"m_FxEnabled":true},"in2DMode":false,"pivot":{"x":-0.2882496118545532,"y":0.7606217861175537,"z":0.21221214532852174},"rotation":{"x":-0.13360008597373963,"y":0.5552739500999451,"z":-0.09091618657112122,"w":-0.8158370852470398},"size":0.5431391000747681,"orthographic":false}