{"cameraMode":{"drawMode":0,"name":"Shaded","section":"Shading Mode"},"sceneLighting":false,"audioPlay":false,"sceneViewState":{"m_AlwaysRefresh":false,"showFog":true,"showSkybox":false,"showFlares":true,"showImageEffects":true,"showParticleSystems":true,"showVisualEffectGraphs":true,"m_FxEnabled":true},"in2DMode":false,"pivot":{"x":0.1239926815032959,"y":0.27235591411590578,"z":0.02008916437625885},"rotation":{"x":-0.17075689136981965,"y":0.7030384540557861,"z":-0.18011537194252015,"w":-0.666461706161499},"size":0.843139111995697,"orthographic":false}