{"cameraMode":{"drawMode":0,"name":"Shaded","section":"Shading Mode"},"sceneLighting":false,"audioPlay":false,"sceneViewState":{"m_AlwaysRefresh":false,"showFog":true,"showSkybox":false,"showFlares":true,"showImageEffects":true,"showParticleSystems":true,"showVisualEffectGraphs":true,"m_FxEnabled":true},"in2DMode":false,"pivot":{"x":0.31035661697387698,"y":-0.06209862232208252,"z":-0.029927968978881837},"rotation":{"x":-0.17075689136981965,"y":0.7030384540557861,"z":-0.18011537194252015,"w":-0.666461706161499},"size":0.843139111995697,"orthographic":false}