{"cameraMode":{"drawMode":0,"name":"Shaded","section":"Shading Mode"},"sceneLighting":false,"audioPlay":false,"sceneViewState":{"m_AlwaysRefresh":false,"showFog":true,"showSkybox":false,"showFlares":true,"showImageEffects":true,"showParticleSystems":true,"showVisualEffectGraphs":true,"m_FxEnabled":true},"in2DMode":false,"pivot":{"x":-1.7978858947753907,"y":2.270826816558838,"z":-12.714838027954102},"rotation":{"x":-0.019806137308478357,"y":0.018593402579426767,"z":-0.00035707512870430946,"w":-0.9996540546417236},"size":5.1380696296691898,"orthographic":false}