{"cameraMode":{"drawMode":0,"name":"Shaded","section":"Shading Mode"},"sceneLighting":false,"audioPlay":false,"sceneViewState":{"m_AlwaysRefresh":false,"showFog":true,"showSkybox":false,"showFlares":true,"showImageEffects":true,"showParticleSystems":true,"showVisualEffectGraphs":true,"m_FxEnabled":true},"in2DMode":false,"pivot":{"x":3.758439540863037,"y":2.0309877395629885,"z":0.7580757737159729},"rotation":{"x":-0.018002409487962724,"y":0.9817905426025391,"z":-0.14417749643325807,"w":-0.122566357254982},"size":1.6820955276489258,"orthographic":false}