{"cameraMode":{"drawMode":0,"name":"Shaded","section":"Shading Mode"},"sceneLighting":false,"audioPlay":false,"sceneViewState":{"m_AlwaysRefresh":false,"showFog":false,"showSkybox":false,"showFlares":false,"showImageEffects":false,"showParticleSystems":false,"showVisualEffectGraphs":true,"m_FxEnabled":true},"in2DMode":false,"pivot":{"x":0.07542145252227783,"y":0.8439546823501587,"z":0.0009049177169799805},"rotation":{"x":0.06342510133981705,"y":-0.9338977336883545,"z":0.20812460780143739,"w":0.28400203585624697},"size":1.1328169107437134,"orthographic":false}